{"cameraMode":{"drawMode":0,"name":"Shaded","section":"Shading Mode"},"sceneLighting":false,"audioPlay":false,"sceneViewState":{"showFog":true,"showMaterialUpdate":true,"showSkybox":true,"showFlares":true,"showImageEffects":true,"showParticleSystems":true},"in2DMode":false,"pivot":{"x":8.085437774658204,"y":-4.312018394470215,"z":-0.4589843451976776},"rotation":{"x":-0.21005500853061677,"y":-0.6940152049064636,"z":0.2238641381263733,"w":-0.6512648463249207},"size":8.657772064208985,"orthographic":false}