{"cameraMode":{"drawMode":0,"name":"Shaded","section":"Shading Mode"},"sceneLighting":true,"audioPlay":false,"sceneViewState":{"showFog":true,"showMaterialUpdate":false,"showSkybox":true,"showFlares":true,"showImageEffects":true,"showParticleSystems":true},"in2DMode":false,"pivot":{"x":-1.0245720148086548,"y":-13.967225074768067,"z":-38.662193298339847},"rotation":{"x":-0.0011646219063550234,"y":0.9788820743560791,"z":-0.20435695350170136,"w":-0.005578731186687946},"size":59.41652297973633,"orthographic":false}