{"cameraMode":{"drawMode":0,"name":"Shaded","section":"Shading Mode"},"sceneLighting":true,"audioPlay":false,"sceneViewState":{"showFog":true,"showMaterialUpdate":false,"showSkybox":true,"showFlares":true,"showImageEffects":true,"showParticleSystems":true},"in2DMode":false,"pivot":{"x":-24.859683990478517,"y":-12.777509689331055,"z":82.48419952392578},"rotation":{"x":-0.11829569190740586,"y":0.1666053980588913,"z":-0.020365802571177484,"w":-0.9788252711296082},"size":113.54771423339844,"orthographic":false}